ProductID;Product Name;Brand;Category;Model Year;List Price;Quantity
1;Trek 820 - 2016;Trek;Mountain Bikes;2016;379.99;55
2;Ritchey Timberwolf Frameset - 2016;Ritchey;Mountain Bikes;2016;749.99;45
3;Surly Wednesday Frameset - 2016;Surly;Mountain Bikes;2016;999.99;34
4;Trek Fuel EX 8 29 - 2016;Trek;Mountain Bikes;2016;2899.99;36
5;Heller Shagamaw Frame - 2016;Heller;Mountain Bikes;2016;1320.99;26
6;Surly Ice Cream Truck Frameset - 2016;Surly;Mountain Bikes;2016;469.99;38
7;Trek Slash 8 27.5 - 2016;Trek;Mountain Bikes;2016;3999.99;28
8;Trek Remedy 29 Carbon Frameset - 2016;Trek;Mountain Bikes;2016;1799.99;13
9;Trek Conduit+ - 2016;Trek;Electric Bikes;2016;2999.99;51
10;Surly Straggler - 2016;Surly;Cyclocross Bicycles;2016;1549.00;49
11;Surly Straggler 650b - 2016;Surly;Cyclocross Bicycles;2016;1680.99;59
12;Electra Townie Original 21D - 2016;Electra;Cruisers Bicycles;2016;549.99;48
13;Electra Cruiser 1 (24-Inch) - 2016;Electra;Cruisers Bicycles;2016;269.99;33
14;Electra Girl's Hawaii 1 (16-inch) - 2015/2016;Electra;Cruisers Bicycles;2016;269.99;30
15;Electra Moto 1 - 2016;Electra;Cruisers Bicycles;2016;529.99;31
16;Electra Townie Original 7D EQ - 2016;Electra;Cruisers Bicycles;2016;599.99;43
17;Pure Cycles Vine 8-Speed - 2016;Pure Cycles;Cruisers Bicycles;2016;429.00;27
18;Pure Cycles Western 3-Speed - Women's - 2015/2016;Pure Cycles;Cruisers Bicycles;2016;449.00;34
19;Pure Cycles William 3-Speed - 2016;Pure Cycles;Cruisers Bicycles;2016;449.00;43
20;Electra Townie Original 7D EQ - Women's - 2016;Electra;Cruisers Bicycles;2016;599.99;65
21;Electra Cruiser 1 (24-Inch) - 2016;Electra;Children Bicycles;2016;269.99;48
22;Electra Girl's Hawaii 1 (16-inch) - 2015/2016;Electra;Children Bicycles;2016;269.99;49
23;Electra Girl's Hawaii 1 (20-inch) - 2015/2016;Electra;Children Bicycles;2016;299.99;29
24;Electra Townie Original 21D - 2016;Electra;Comfort Bicycles;2016;549.99;44
25;Electra Townie Original 7D - 2015/2016;Electra;Comfort Bicycles;2016;499.99;43
26;Electra Townie Original 7D EQ - 2016;Electra;Comfort Bicycles;2016;599.99;45
27;Surly Big Dummy Frameset - 2017;Surly;Mountain Bikes;2017;999.99;52
28;Surly Karate Monkey 27.5+ Frameset - 2017;Surly;Mountain Bikes;2017;2499.99;65
29;Trek X-Caliber 8 - 2017;Trek;Mountain Bikes;2017;999.99;53
30;Surly Ice Cream Truck Frameset - 2017;Surly;Mountain Bikes;2017;999.99;70
31;Surly Wednesday - 2017;Surly;Mountain Bikes;2017;1632.99;22
32;Trek Farley Alloy Frameset - 2017;Trek;Mountain Bikes;2017;469.99;27
33;Surly Wednesday Frameset - 2017;Surly;Mountain Bikes;2017;469.99;32
34;Trek Session DH 27.5 Carbon Frameset - 2017;Trek;Mountain Bikes;2017;469.99;32
35;Sun Bicycles Spider 3i - 2017;Sun Bicycles;Mountain Bikes;2017;832.99;46
36;Surly Troll Frameset - 2017;Surly;Mountain Bikes;2017;832.99;69
37;Haro Flightline One ST - 2017;Haro;Mountain Bikes;2017;379.99;47
38;Haro Flightline Two 26 Plus - 2017;Haro;Mountain Bikes;2017;549.99;54
39;Trek Stache 5 - 2017;Trek;Mountain Bikes;2017;1499.99;52
40;Trek Fuel EX 9.8 29 - 2017;Trek;Mountain Bikes;2017;4999.99;41
41;Haro Shift R3 - 2017;Haro;Mountain Bikes;2017;1469.99;41
42;Trek Fuel EX 5 27.5 Plus - 2017;Trek;Mountain Bikes;2017;2299.99;25
43;Trek Fuel EX 9.8 27.5 Plus - 2017;Trek;Mountain Bikes;2017;5299.99;30
44;Haro SR 1.1 - 2017;Haro;Mountain Bikes;2017;539.99;51
45;Haro SR 1.2 - 2017;Haro;Mountain Bikes;2017;869.99;29
46;Haro SR 1.3 - 2017;Haro;Mountain Bikes;2017;1409.99;53
47;Trek Remedy 9.8 - 2017;Trek;Mountain Bikes;2017;5299.99;35
48;Trek Emonda S 4 - 2017;Trek;Road Bikes;2017;1499.99;27
49;Trek Domane SL 6 - 2017;Trek;Road Bikes;2017;3499.99;16
50;Trek Silque SLR 7 Women's - 2017;Trek;Road Bikes;2017;5999.99;61
51;Trek Silque SLR 8 Women's - 2017;Trek;Road Bikes;2017;6499.99;12
52;Surly Steamroller - 2017;Surly;Road Bikes;2017;875.99;49
53;Surly Ogre Frameset - 2017;Surly;Road Bikes;2017;749.99;42
54;Trek Domane SL Disc Frameset - 2017;Trek;Road Bikes;2017;3199.99;30
55;Trek Domane S 6 - 2017;Trek;Road Bikes;2017;2699.99;21
56;Trek Domane SLR 6 Disc - 2017;Trek;Road Bikes;2017;5499.99;54
57;Trek Emonda S 5 - 2017;Trek;Road Bikes;2017;1999.99;37
58;Trek Madone 9.2 - 2017;Trek;Road Bikes;2017;4999.99;43
59;Trek Domane S 5 Disc - 2017;Trek;Road Bikes;2017;2599.99;39
60;Sun Bicycles ElectroLite - 2017;Sun Bicycles;Electric Bikes;2017;1559.99;27
61;Trek Powerfly 8 FS Plus - 2017;Trek;Electric Bikes;2017;4999.99;78
62;Trek Boone 7 - 2017;Trek;Cyclocross Bicycles;2017;3499.99;29
63;Trek Boone Race Shop Limited - 2017;Trek;Cyclocross Bicycles;2017;3499.99;17
64;Electra Townie Original 7D - 2017;Electra;Cruisers Bicycles;2017;489.99;82
65;Sun Bicycles Lil Bolt Type-R - 2017;Sun Bicycles;Cruisers Bicycles;2017;346.99;27
66;Sun Bicycles Revolutions 24 - 2017;Sun Bicycles;Cruisers Bicycles;2017;250.99;37
67;Sun Bicycles Revolutions 24 - Girl's - 2017;Sun Bicycles;Cruisers Bicycles;2017;250.99;33
68;Sun Bicycles Cruz 3 - 2017;Sun Bicycles;Cruisers Bicycles;2017;449.99;71
69;Sun Bicycles Cruz 7 - 2017;Sun Bicycles;Cruisers Bicycles;2017;416.99;55
70;Electra Amsterdam Original 3i - 2015/2017;Electra;Cruisers Bicycles;2017;659.99;11
71;Sun Bicycles Atlas X-Type - 2017;Sun Bicycles;Cruisers Bicycles;2017;416.99;68
72;Sun Bicycles Biscayne Tandem 7 - 2017;Sun Bicycles;Cruisers Bicycles;2017;619.99;16
73;Sun Bicycles Brickell Tandem 7 - 2017;Sun Bicycles;Cruisers Bicycles;2017;749.99;30
74;Electra Cruiser Lux 1 - 2017;Electra;Cruisers Bicycles;2017;439.99;49
75;Electra Cruiser Lux Fat Tire 1 Ladies - 2017;Electra;Cruisers Bicycles;2017;599.99;63
76;"Electra Girl's Hawaii 1 16"" - 2017";Electra;Cruisers Bicycles;2017;299.99;58
77;Electra Glam Punk 3i Ladies' - 2017;Electra;Cruisers Bicycles;2017;799.99;64
78;Sun Bicycles Biscayne Tandem CB - 2017;Sun Bicycles;Cruisers Bicycles;2017;647.99;36
79;Sun Bicycles Boardwalk (24-inch Wheels) - 2017;Sun Bicycles;Cruisers Bicycles;2017;402.99;71
80;Sun Bicycles Brickell Tandem CB - 2017;Sun Bicycles;Cruisers Bicycles;2017;761.99;60
81;Electra Amsterdam Fashion 7i Ladies' - 2017;Electra;Cruisers Bicycles;2017;1099.99;62
82;Electra Amsterdam Original 3i Ladies' - 2017;Electra;Cruisers Bicycles;2017;659.99;12
83;Trek Boy's Kickster - 2015/2017;Trek;Children Bicycles;2017;149.99;57
84;Sun Bicycles Lil Kitt'n - 2017;Sun Bicycles;Children Bicycles;2017;109.99;48
85;Haro Downtown 16 - 2017;Haro;Children Bicycles;2017;329.99;44
86;Trek Girl's Kickster - 2017;Trek;Children Bicycles;2017;149.99;70
87;Trek Precaliber 12 Boys - 2017;Trek;Children Bicycles;2017;189.99;57
88;Trek Precaliber 12 Girls - 2017;Trek;Children Bicycles;2017;189.99;43
89;Trek Precaliber 16 Boys - 2017;Trek;Children Bicycles;2017;209.99;39
90;Trek Precaliber 16 Girls - 2017;Trek;Children Bicycles;2017;209.99;39
91;Trek Precaliber 24 (21-Speed) - Girls - 2017;Trek;Children Bicycles;2017;349.99;16
92;Haro Shredder 20 - 2017;Haro;Children Bicycles;2017;209.99;50
93;Haro Shredder 20 Girls - 2017;Haro;Children Bicycles;2017;209.99;62
94;Haro Shredder Pro 20 - 2017;Haro;Children Bicycles;2017;249.99;23
95;"Electra Girl's Hawaii 1 16"" - 2017";Electra;Children Bicycles;2017;299.99;49
96;Electra Moto 3i (20-inch) - Boy's - 2017;Electra;Children Bicycles;2017;349.99;43
97;Electra Savannah 3i (20-inch) - Girl's - 2017;Electra;Children Bicycles;2017;349.99;63
98;Electra Straight 8 3i (20-inch) - Boy's - 2017;Electra;Children Bicycles;2017;489.99;47
99;Electra Sugar Skulls 1 (20-inch) - Girl's - 2017;Electra;Children Bicycles;2017;299.99;71
100;Electra Townie 3i EQ (20-inch) - Boys' - 2017;Electra;Children Bicycles;2017;489.99;55
101;Electra Townie 7D (20-inch) - Boys' - 2017;Electra;Children Bicycles;2017;339.99;38
102;Electra Townie Original 7D - 2017;Electra;Comfort Bicycles;2017;489.99;43
103;Sun Bicycles Streamway 3 - 2017;Sun Bicycles;Comfort Bicycles;2017;551.99;24
104;Sun Bicycles Streamway - 2017;Sun Bicycles;Comfort Bicycles;2017;481.99;73
105;Sun Bicycles Streamway 7 - 2017;Sun Bicycles;Comfort Bicycles;2017;533.99;11
106;Sun Bicycles Cruz 3 - 2017;Sun Bicycles;Comfort Bicycles;2017;449.99;38
107;Sun Bicycles Cruz 7 - 2017;Sun Bicycles;Comfort Bicycles;2017;416.99;60
108;Sun Bicycles Cruz 3 - Women's - 2017;Sun Bicycles;Comfort Bicycles;2017;449.99;67
109;Sun Bicycles Cruz 7 - Women's - 2017;Sun Bicycles;Comfort Bicycles;2017;416.99;79
110;Sun Bicycles Drifter 7 - 2017;Sun Bicycles;Comfort Bicycles;2017;470.99;19
111;Sun Bicycles Drifter 7 - Women's - 2017;Sun Bicycles;Comfort Bicycles;2017;470.99;46
112;Trek 820 - 2018;Trek;Mountain Bikes;2018;379.99;42
113;Trek Marlin 5 - 2018;Trek;Mountain Bikes;2018;489.99;54
114;Trek Marlin 6 - 2018;Trek;Mountain Bikes;2018;579.99;27
115;Trek Fuel EX 8 29 - 2018;Trek;Mountain Bikes;2018;3199.99;54
116;Trek Marlin 7 - 2017/2018;Trek;Mountain Bikes;2018;749.99;71
117;Trek Ticket S Frame - 2018;Trek;Mountain Bikes;2018;1469.99;56
118;Trek X-Caliber 8 - 2018;Trek;Mountain Bikes;2018;999.99;46
119;Trek Kids' Neko - 2018;Trek;Mountain Bikes;2018;469.99;69
120;Trek Fuel EX 7 29 - 2018;Trek;Mountain Bikes;2018;2499.99;64
121;Surly Krampus Frameset - 2018;Surly;Mountain Bikes;2018;2499.99;26
122;Surly Troll Frameset - 2018;Surly;Mountain Bikes;2018;2499.99;41
123;Trek Farley Carbon Frameset - 2018;Trek;Mountain Bikes;2018;999.99;41
124;Surly Krampus - 2018;Surly;Mountain Bikes;2018;1499.00;38
125;Trek Kids' Dual Sport - 2018;Trek;Mountain Bikes;2018;469.99;34
126;Surly Big Fat Dummy Frameset - 2018;Surly;Mountain Bikes;2018;469.99;46
127;Surly Pack Rat Frameset - 2018;Surly;Mountain Bikes;2018;469.99;28
128;Surly ECR 27.5 - 2018;Surly;Mountain Bikes;2018;1899.00;59
129;Trek X-Caliber 7 - 2018;Trek;Mountain Bikes;2018;919.99;52
130;Trek Stache Carbon Frameset - 2018;Trek;Mountain Bikes;2018;919.99;59
131;Heller Bloodhound Trail - 2018;Heller;Mountain Bikes;2018;2599.00;52
132;Trek Procal AL Frameset - 2018;Trek;Mountain Bikes;2018;1499.99;23
133;Trek Procaliber Frameset - 2018;Trek;Mountain Bikes;2018;1499.99;53
134;Trek Remedy 27.5 C Frameset - 2018;Trek;Mountain Bikes;2018;1499.99;56
135;Trek X-Caliber Frameset - 2018;Trek;Mountain Bikes;2018;1499.99;60
136;Trek Procaliber 6 - 2018;Trek;Mountain Bikes;2018;1799.99;24
137;Heller Shagamaw GX1 - 2018;Heller;Mountain Bikes;2018;2599.00;30
138;Trek Fuel EX 5 Plus - 2018;Trek;Mountain Bikes;2018;2249.99;39
139;Trek Remedy 7 27.5 - 2018;Trek;Mountain Bikes;2018;2999.99;62
140;Trek Remedy 9.8 27.5 - 2018;Trek;Mountain Bikes;2018;4999.99;19
141;Trek Stache 5 - 2018;Trek;Mountain Bikes;2018;1599.99;53
142;Trek Fuel EX 8 29 XT - 2018;Trek;Mountain Bikes;2018;3199.99;75
143;Trek Domane ALR 3 - 2018;Trek;Road Bikes;2018;1099.99;40
144;Trek Domane ALR 4 Disc - 2018;Trek;Road Bikes;2018;1549.99;20
145;Trek Domane ALR 5 Disc - 2018;Trek;Road Bikes;2018;1799.99;39
146;Trek Domane SLR 6 - 2018;Trek;Road Bikes;2018;4999.99;18
147;Trek Domane ALR 5 Gravel - 2018;Trek;Road Bikes;2018;1799.99;24
148;Trek Domane SL 8 Disc - 2018;Trek;Road Bikes;2018;5499.99;39
149;Trek Domane SLR 8 Disc - 2018;Trek;Road Bikes;2018;7499.99;24
150;Trek Emonda SL 7 - 2018;Trek;Road Bikes;2018;4499.99;50
151;Trek Domane ALR 4 Disc Women's - 2018;Trek;Road Bikes;2018;1549.99;27
152;Trek Domane SL 5 Disc Women's - 2018;Trek;Road Bikes;2018;2499.99;34
153;Trek Domane SL 7 Women's - 2018;Trek;Road Bikes;2018;4999.99;53
154;Trek Domane SLR 6 Disc Women's - 2018;Trek;Road Bikes;2018;5499.99;44
155;Trek Domane SLR 9 Disc - 2018;Trek;Road Bikes;2018;11999.99;54
156;Trek Domane SL Frameset - 2018;Trek;Road Bikes;2018;6499.99;35
157;Trek Domane SL Frameset Women's - 2018;Trek;Road Bikes;2018;6499.99;65
158;Trek CrossRip 1 - 2018;Trek;Road Bikes;2018;959.99;28
159;Trek Emonda ALR 6 - 2018;Trek;Road Bikes;2018;2299.99;54
160;Trek Emonda SLR 6 - 2018;Trek;Road Bikes;2018;4499.99;31
161;Surly ECR - 2018;Surly;Road Bikes;2018;1899.00;37
162;Trek Emonda SL 6 Disc - 2018;Trek;Road Bikes;2018;2999.99;43
163;Surly Pack Rat - 2018;Surly;Road Bikes;2018;1349.00;41
164;Surly Straggler 650b - 2018;Surly;Road Bikes;2018;1549.00;42
165;Trek 1120 - 2018;Trek;Road Bikes;2018;2499.99;41
166;Trek Domane AL 2 Women's - 2018;Trek;Road Bikes;2018;749.99;77
167;Surly ECR Frameset - 2018;Surly;Road Bikes;2018;749.99;37
168;Surly Straggler - 2018;Surly;Road Bikes;2018;1549.00;52
169;Trek Emonda SLR 8 - 2018;Trek;Road Bikes;2018;6499.99;29
170;Trek CrossRip 2 - 2018;Trek;Road Bikes;2018;1299.99;29
171;Trek Domane SL 6 - 2018;Trek;Road Bikes;2018;3199.99;42
172;Trek Domane ALR Disc Frameset - 2018;Trek;Road Bikes;2018;3199.99;41
173;Trek Domane ALR Frameset - 2018;Trek;Road Bikes;2018;3199.99;34
174;Trek Domane SLR Disc Frameset - 2018;Trek;Road Bikes;2018;3199.99;35
175;Trek Domane SLR Frameset - 2018;Trek;Road Bikes;2018;3199.99;5
176;Trek Madone 9 Frameset - 2018;Trek;Road Bikes;2018;3199.99;43
177;Trek Domane SLR 6 Disc - 2018;Trek;Road Bikes;2018;5499.99;30
178;Trek Domane AL 2 - 2018;Trek;Road Bikes;2018;749.99;36
179;Trek Domane AL 3 - 2018;Trek;Road Bikes;2018;919.99;52
180;Trek Domane AL 3 Women's - 2018;Trek;Road Bikes;2018;919.99;14
181;Trek Domane SL 5 - 2018;Trek;Road Bikes;2018;2199.99;56
182;Trek Domane SL 5 Disc - 2018;Trek;Road Bikes;2018;2499.99;77
183;Trek Domane SL 5 Women's - 2018;Trek;Road Bikes;2018;2199.99;63
184;Trek Domane SL 6 Disc - 2018;Trek;Road Bikes;2018;3499.99;25
185;Trek Conduit+ - 2018;Trek;Electric Bikes;2018;2799.99;22
186;Trek CrossRip+ - 2018;Trek;Electric Bikes;2018;4499.99;47
187;Trek Neko+ - 2018;Trek;Electric Bikes;2018;2799.99;28
188;Trek XM700+ Lowstep - 2018;Trek;Electric Bikes;2018;3499.99;86
189;Trek Lift+ Lowstep - 2018;Trek;Electric Bikes;2018;2799.99;39
190;Trek Dual Sport+ - 2018;Trek;Electric Bikes;2018;2799.99;59
191;Electra Loft Go! 8i - 2018;Electra;Electric Bikes;2018;2799.99;59
192;Electra Townie Go! 8i - 2017/2018;Electra;Electric Bikes;2018;2599.99;30
193;Trek Lift+ - 2018;Trek;Electric Bikes;2018;2799.99;56
194;Trek XM700+ - 2018;Trek;Electric Bikes;2018;3499.99;59
195;Electra Townie Go! 8i Ladies' - 2018;Electra;Electric Bikes;2018;2599.99;40
196;Trek Verve+ - 2018;Trek;Electric Bikes;2018;2299.99;79
197;Trek Verve+ Lowstep - 2018;Trek;Electric Bikes;2018;2299.99;40
198;Electra Townie Commute Go! - 2018;Electra;Electric Bikes;2018;2999.99;28
199;Electra Townie Commute Go! Ladies' - 2018;Electra;Electric Bikes;2018;2999.99;20
200;Trek Powerfly 5 - 2018;Trek;Electric Bikes;2018;3499.99;67
201;Trek Powerfly 5 FS - 2018;Trek;Electric Bikes;2018;4499.99;70
202;Trek Powerfly 5 Women's - 2018;Trek;Electric Bikes;2018;3499.99;17
203;Trek Powerfly 7 FS - 2018;Trek;Electric Bikes;2018;4999.99;17
204;Trek Super Commuter+ 7 - 2018;Trek;Electric Bikes;2018;3599.99;64
205;Trek Super Commuter+ 8S - 2018;Trek;Electric Bikes;2018;4999.99;25
206;Trek Boone 5 Disc - 2018;Trek;Cyclocross Bicycles;2018;3299.99;48
207;Trek Boone 7 Disc - 2018;Trek;Cyclocross Bicycles;2018;3999.99;64
208;Trek Crockett 5 Disc - 2018;Trek;Cyclocross Bicycles;2018;1799.99;37
209;Trek Crockett 7 Disc - 2018;Trek;Cyclocross Bicycles;2018;2999.99;34
210;Surly Straggler - 2018;Surly;Cyclocross Bicycles;2018;1549.00;57
211;Surly Straggler 650b - 2018;Surly;Cyclocross Bicycles;2018;1549.00;20
212;Electra Townie Original 21D - 2018;Electra;Cruisers Bicycles;2018;559.99;62
213;Electra Cruiser 1 - 2016/2017/2018;Electra;Cruisers Bicycles;2018;269.99;34
214;Electra Tiger Shark 3i - 2018;Electra;Cruisers Bicycles;2018;899.99;41
215;Electra Queen of Hearts 3i - 2018;Electra;Cruisers Bicycles;2018;749.99;24
216;Electra Super Moto 8i - 2018;Electra;Cruisers Bicycles;2018;899.99;35
217;Electra Straight 8 3i - 2018;Electra;Cruisers Bicycles;2018;909.99;37
218;Electra Cruiser 7D - 2016/2017/2018;Electra;Cruisers Bicycles;2018;319.99;74
219;Electra Moto 3i - 2018;Electra;Cruisers Bicycles;2018;639.99;75
220;Electra Cruiser 1 Ladies' - 2018;Electra;Cruisers Bicycles;2018;269.99;10
221;Electra Cruiser 7D Ladies' - 2016/2018;Electra;Cruisers Bicycles;2018;319.99;44
222;Electra Cruiser 1 Tall - 2016/2018;Electra;Cruisers Bicycles;2018;269.99;54
223;Electra Cruiser Lux 3i - 2018;Electra;Cruisers Bicycles;2018;529.99;39
224;Electra Cruiser Lux 7D - 2018;Electra;Cruisers Bicycles;2018;479.99;43
225;Electra Delivery 3i - 2016/2017/2018;Electra;Cruisers Bicycles;2018;959.99;47
226;Electra Townie Original 21D EQ - 2017/2018;Electra;Cruisers Bicycles;2018;679.99;37
227;Electra Cruiser 7D (24-Inch) Ladies' - 2016/2018;Electra;Cruisers Bicycles;2018;319.99;53
228;Electra Cruiser 7D Tall - 2016/2018;Electra;Cruisers Bicycles;2018;319.99;58
229;Electra Cruiser Lux 1 - 2016/2018;Electra;Cruisers Bicycles;2018;429.99;63
230;Electra Cruiser Lux 1 Ladies' - 2018;Electra;Cruisers Bicycles;2018;429.99;61
231;Electra Cruiser Lux 3i Ladies' - 2018;Electra;Cruisers Bicycles;2018;529.99;39
232;Electra Cruiser Lux 7D Ladies' - 2018;Electra;Cruisers Bicycles;2018;479.99;32
233;Electra Cruiser Lux Fat Tire 7D - 2018;Electra;Cruisers Bicycles;2018;639.99;39
234;Electra Daydreamer 3i Ladies' - 2018;Electra;Cruisers Bicycles;2018;899.99;49
235;Electra Koa 3i Ladies' - 2018;Electra;Cruisers Bicycles;2018;899.99;12
236;Electra Morningstar 3i Ladies' - 2018;Electra;Cruisers Bicycles;2018;749.99;28
237;Electra Relic 3i - 2018;Electra;Cruisers Bicycles;2018;849.99;72
238;Electra Townie Balloon 8D EQ - 2016/2017/2018;Electra;Cruisers Bicycles;2018;749.99;38
239;Electra Townie Balloon 8D EQ Ladies' - 2016/2017/2018;Electra;Cruisers Bicycles;2018;749.99;74
240;Electra Townie Commute 27D Ladies - 2018;Electra;Cruisers Bicycles;2018;899.99;62
241;Electra Townie Commute 8D - 2018;Electra;Cruisers Bicycles;2018;749.99;49
242;Electra Townie Commute 8D Ladies' - 2018;Electra;Cruisers Bicycles;2018;699.99;17
243;Electra Townie Original 21D EQ Ladies' - 2018;Electra;Cruisers Bicycles;2018;679.99;36
244;Electra Townie Original 21D Ladies' - 2018;Electra;Cruisers Bicycles;2018;559.99;16
245;Electra Townie Original 3i EQ - 2017/2018;Electra;Cruisers Bicycles;2018;659.99;31
246;Electra Townie Original 3i EQ Ladies' - 2018;Electra;Cruisers Bicycles;2018;639.99;17
247;Electra Townie Original 7D EQ - 2018;Electra;Cruisers Bicycles;2018;599.99;34
248;Electra Townie Original 7D EQ Ladies' - 2017/2018;Electra;Cruisers Bicycles;2018;599.99;51
249;Electra White Water 3i - 2018;Electra;Cruisers Bicycles;2018;749.99;43
250;Electra Townie Go! 8i - 2017/2018;Electra;Cruisers Bicycles;2018;2599.99;42
251;Electra Townie Commute Go! - 2018;Electra;Cruisers Bicycles;2018;2999.99;12
252;Electra Townie Commute Go! Ladies' - 2018;Electra;Cruisers Bicycles;2018;2999.99;75
253;Electra Townie Go! 8i Ladies' - 2018;Electra;Cruisers Bicycles;2018;2599.99;60
254;Electra Townie Balloon 3i EQ - 2017/2018;Electra;Cruisers Bicycles;2018;749.99;35
255;Electra Townie Balloon 7i EQ Ladies' - 2017/2018;Electra;Cruisers Bicycles;2018;899.99;42
256;Electra Townie Commute 27D - 2018;Electra;Cruisers Bicycles;2018;899.99;29
257;Electra Amsterdam Fashion 3i Ladies' - 2017/2018;Electra;Cruisers Bicycles;2018;899.99;47
258;Electra Amsterdam Royal 8i - 2017/2018;Electra;Cruisers Bicycles;2018;1259.90;45
259;Electra Amsterdam Royal 8i Ladies - 2018;Electra;Cruisers Bicycles;2018;1199.99;26
260;Electra Townie Balloon 3i EQ Ladies' - 2018;Electra;Cruisers Bicycles;2018;799.99;45
261;Electra Townie Balloon 7i EQ - 2018;Electra;Cruisers Bicycles;2018;899.99;31
262;Trek MT 201 - 2018;Trek;Children Bicycles;2018;249.99;43
263;Strider Classic 12 Balance Bike - 2018;Strider;Children Bicycles;2018;89.99;46
264;Strider Sport 16 - 2018;Strider;Children Bicycles;2018;249.99;36
265;Strider Strider 20 Sport - 2018;Strider;Children Bicycles;2018;289.99;54
266;Trek Superfly 20 - 2018;Trek;Children Bicycles;2018;399.99;37
267;Trek Precaliber 12 Girl's - 2018;Trek;Children Bicycles;2018;199.99;60
268;Trek Kickster - 2018;Trek;Children Bicycles;2018;159.99;43
269;Trek Precaliber 12 Boy's - 2018;Trek;Children Bicycles;2018;199.99;52
270;Trek Precaliber 16 Boy's - 2018;Trek;Children Bicycles;2018;209.99;37
271;Trek Precaliber 16 Girl's - 2018;Trek;Children Bicycles;2018;209.99;55
272;Trek Precaliber 20 6-speed Boy's - 2018;Trek;Children Bicycles;2018;289.99;27
273;Trek Precaliber 20 6-speed Girl's - 2018;Trek;Children Bicycles;2018;289.99;67
274;Trek Precaliber 20 Boy's - 2018;Trek;Children Bicycles;2018;229.99;41
275;Trek Precaliber 20 Girl's - 2018;Trek;Children Bicycles;2018;229.99;54
276;Trek Precaliber 24 (7-Speed) - Boys - 2018;Trek;Children Bicycles;2018;319.99;30
277;Trek Precaliber 24 21-speed Boy's - 2018;Trek;Children Bicycles;2018;369.99;43
278;Trek Precaliber 24 21-speed Girl's - 2018;Trek;Children Bicycles;2018;369.99;40
279;Trek Precaliber 24 7-speed Girl's - 2018;Trek;Children Bicycles;2018;319.99;50
280;Trek Superfly 24 - 2017/2018;Trek;Children Bicycles;2018;489.99;35
281;Electra Cruiser 7D (24-Inch) Ladies' - 2016/2018;Electra;Children Bicycles;2018;319.99;16
282;Electra Cyclosaurus 1 (16-inch) - Boy's - 2018;Electra;Children Bicycles;2018;279.99;32
283;Electra Heartchya 1 (20-inch) - Girl's - 2018;Electra;Children Bicycles;2018;319.99;39
284;Electra Savannah 1 (20-inch) - Girl's - 2018;Electra;Children Bicycles;2018;319.99;59
285;Electra Soft Serve 1 (16-inch) - Girl's - 2018;Electra;Children Bicycles;2018;279.99;44
286;"Electra Starship 1 16"" - 2018";Electra;Children Bicycles;2018;279.99;38
287;Electra Straight 8 1 (16-inch) - Boy's - 2018;Electra;Children Bicycles;2018;279.99;43
288;Electra Straight 8 1 (20-inch) - Boy's - 2018;Electra;Children Bicycles;2018;389.99;24
289;"Electra Superbolt 1 20"" - 2018";Electra;Children Bicycles;2018;319.99;9
290;"Electra Superbolt 3i 20"" - 2018";Electra;Children Bicycles;2018;369.99;43
291;Electra Sweet Ride 1 (20-inch) - Girl's - 2018;Electra;Children Bicycles;2018;319.99;41
292;Electra Sweet Ride 3i (20-inch) - Girls' - 2018;Electra;Children Bicycles;2018;369.99;68
293;Electra Tiger Shark 1 (20-inch) - Boys' - 2018;Electra;Children Bicycles;2018;319.99;44
294;Electra Tiger Shark 3i (20-inch) - Boys' - 2018;Electra;Children Bicycles;2018;369.99;23
295;"Electra Treasure 1 20"" - 2018";Electra;Children Bicycles;2018;319.99;48
296;"Electra Treasure 3i 20"" - 2018";Electra;Children Bicycles;2018;369.99;29
297;"Electra Under-The-Sea 1 16"" - 2018";Electra;Children Bicycles;2018;279.99;51
298;Electra Water Lily 1 (16-inch) - Girl's - 2018;Electra;Children Bicycles;2018;279.99;67
299;Electra Townie Original 21D - 2018;Electra;Comfort Bicycles;2018;559.99;47
300;Electra Townie Balloon 3i EQ Ladies' - 2018;Electra;Comfort Bicycles;2018;799.99;23
301;Electra Townie Balloon 7i EQ - 2018;Electra;Comfort Bicycles;2018;899.99;65
302;Electra Townie Original 1 - 2018;Electra;Comfort Bicycles;2018;449.99;12
303;Electra Townie Go! 8i - 2017/2018;Electra;Comfort Bicycles;2018;2599.99;48
304;Electra Townie Original 21D EQ - 2017/2018;Electra;Comfort Bicycles;2018;679.99;44
305;Electra Townie Balloon 3i EQ - 2017/2018;Electra;Comfort Bicycles;2018;749.99;55
306;Electra Townie Balloon 7i EQ Ladies' - 2017/2018;Electra;Comfort Bicycles;2018;899.99;45
307;Electra Townie Balloon 8D EQ - 2016/2017/2018;Electra;Comfort Bicycles;2018;749.99;52
308;Electra Townie Balloon 8D EQ Ladies' - 2016/2017/2018;Electra;Comfort Bicycles;2018;749.99;47
309;Electra Townie Commute 27D - 2018;Electra;Comfort Bicycles;2018;899.99;46
310;Electra Townie Commute 27D Ladies - 2018;Electra;Comfort Bicycles;2018;899.99;31
311;Electra Townie Commute 8D - 2018;Electra;Comfort Bicycles;2018;749.99;70
312;Electra Townie Commute 8D Ladies' - 2018;Electra;Comfort Bicycles;2018;699.99;43
313;Electra Townie Original 1 Ladies' - 2018;Electra;Comfort Bicycles;2018;449.99;38
314;Electra Townie Original 21D EQ Ladies' - 2018;Electra;Comfort Bicycles;2018;679.99;NULL
315;Electra Townie Original 21D Ladies' - 2018;Electra;Comfort Bicycles;2018;559.99;NULL
316;Trek Checkpoint ALR 4 Women's - 2019;Trek;Road Bikes;2019;1699.99;NULL
317;Trek Checkpoint ALR 5 - 2019;Trek;Road Bikes;2019;1999.99;NULL
318;Trek Checkpoint ALR 5 Women's - 2019;Trek;Road Bikes;2019;1999.99;NULL
319;Trek Checkpoint SL 5 Women's - 2019;Trek;Road Bikes;2019;2799.99;NULL
320;Trek Checkpoint SL 6 - 2019;Trek;Road Bikes;2019;3799.99;NULL
321;Trek Checkpoint ALR Frameset - 2019;Trek;Road Bikes;2019;3199.99;NULL
